System Created ID,Minorderdate,Reordered Agents – 4th Month Cohort (≥2 Orders)
019f08d9,2025-09-07 00:00:00,1
01e8151e,2025-09-11 00:00:00,1
02bd21f0,2025-08-14 00:00:00,1
03069e4a,2025-08-18 00:00:00,1
03cf1d9f,2025-09-01 00:00:00,1
03d123f7,2025-09-01 00:00:00,1
03e36fd9,2025-08-14 00:00:00,1
03ecdf10,2025-08-25 00:00:00,1
04997d0d,2025-09-02 00:00:00,1
04aacb18,2025-08-29 00:00:00,1
04cc0111,2025-09-01 00:00:00,1
05dc539d,2025-08-25 00:00:00,1
0600aec2,2025-08-24 00:00:00,1
06223dcb,2025-09-04 00:00:00,1
0655e83f,2025-08-18 00:00:00,1
07639a9a,2025-08-20 00:00:00,1
077574b4,2025-08-22 00:00:00,1
08dc04ce,2025-09-05 00:00:00,1
092207ab,2025-08-28 00:00:00,1
09699aea,2025-09-10 00:00:00,1
0acf0285,2025-08-31 00:00:00,1
0bbde433,2025-08-18 00:00:00,1
0bc24c07,2025-08-21 00:00:00,1
0c33e5ab,2025-09-05 00:00:00,1
0ca14545,2025-08-31 00:00:00,1
0d95d2e1,2025-08-27 00:00:00,1
0e98cc2e,2025-09-10 00:00:00,1
0ec4d865,2025-09-03 00:00:00,1
0eee176a,2025-08-16 00:00:00,1
0f3bdaa7,2025-09-10 00:00:00,1
0fc05d75,2025-08-15 00:00:00,1
1126be6a,2025-08-23 00:00:00,1
1339bfbd,2025-08-19 00:00:00,1
13704392,2025-08-21 00:00:00,1
145bd530,2025-09-01 00:00:00,1
149e2cca,2025-08-25 00:00:00,1
15497b5f,2025-08-12 00:00:00,1
1615266d,2025-08-19 00:00:00,1
177c1600,2025-08-13 00:00:00,1
18d37069,2025-09-08 00:00:00,1
19091334,2025-08-13 00:00:00,1
1ccb69c8,2025-09-11 00:00:00,1
1db4d28d,2025-08-15 00:00:00,1
1ea3d82f,2025-09-03 00:00:00,1
2007ce91,2025-09-07 00:00:00,1
21fc1959,2025-08-21 00:00:00,1
2305f57d,2025-08-12 00:00:00,1
236b5c0c,2025-08-24 00:00:00,1
23c3dff0,2025-08-29 00:00:00,1
24a4ee2f,2025-09-06 00:00:00,1
24ef412e,2025-09-09 00:00:00,1
2506366a,2025-08-13 00:00:00,1
258bc4a2,2025-08-12 00:00:00,1
26cc8b09,2025-08-21 00:00:00,1
271f9930,2025-09-11 00:00:00,1
28869626,2025-08-16 00:00:00,1
28f1ad53,2025-09-11 00:00:00,1
294b972d,2025-09-08 00:00:00,1
2ad8f19a,2025-09-11 00:00:00,1
2b84091e,2025-08-23 00:00:00,1
2bf27b80,2025-09-04 00:00:00,1
2c1cddfe,2025-09-03 00:00:00,1
2ca3ef33,2025-08-23 00:00:00,1
2ca7f245,2025-08-23 00:00:00,1
2d681557,2025-08-25 00:00:00,1
2d717cd2,2025-08-18 00:00:00,1
2e5a863a,2025-08-26 00:00:00,1
2e83e542,2025-09-07 00:00:00,1
2e86d6ea,2025-08-12 00:00:00,1
2e9f58a4,2025-08-21 00:00:00,1
2ea1e30c,2025-09-06 00:00:00,1
2ea29866,2025-09-04 00:00:00,1
2ee27bda,2025-08-16 00:00:00,1
2f034aed,2025-08-20 00:00:00,1
2f46c206,2025-08-19 00:00:00,1
2fbe6a84,2025-09-10 00:00:00,1
3036ff43,2025-09-04 00:00:00,1
305b2615,2025-08-18 00:00:00,1
30b6faeb,2025-08-28 00:00:00,1
315afc86,2025-09-06 00:00:00,1
316b70ca,2025-08-13 00:00:00,1
31f7bafe,2025-08-18 00:00:00,1
327f03c9,2025-09-02 00:00:00,1
329a05f8,2025-09-02 00:00:00,1
33d98ca4,2025-09-05 00:00:00,1
34d27b3c,2025-09-09 00:00:00,1
361730c5,2025-08-12 00:00:00,1
36d1706c,2025-08-21 00:00:00,1
3a32368d,2025-09-02 00:00:00,1
3a56c9b5,2025-08-14 00:00:00,1
3abeb81f,2025-08-31 00:00:00,1
3bfe12b3,2025-09-09 00:00:00,1
3c46f5e4,2025-09-10 00:00:00,1
3e0862dd,2025-09-07 00:00:00,1
3e7bf27a,2025-08-29 00:00:00,1
3ef75612,2025-08-28 00:00:00,1
3efcf6df,2025-09-04 00:00:00,1
400a3d1a,2025-08-27 00:00:00,1
401d1ab5,2025-09-07 00:00:00,1
4023482f,2025-08-12 00:00:00,1
40d37dbc,2025-08-16 00:00:00,1
40d49681,2025-08-12 00:00:00,1
430524d5,2025-09-06 00:00:00,1
43507f76,2025-08-20 00:00:00,1
4421dffd,2025-09-04 00:00:00,1
4464b56f,2025-09-01 00:00:00,1
4510665e,2025-09-07 00:00:00,1
458a5281,2025-08-24 00:00:00,1
4665c84c,2025-09-01 00:00:00,1
46910f8f,2025-09-02 00:00:00,1
46a1a50d,2025-09-02 00:00:00,1
474589ba,2025-08-25 00:00:00,1
47ce5b47,2025-08-26 00:00:00,1
48435c88,2025-08-26 00:00:00,1
48f61e1c,2025-08-22 00:00:00,1
48f761c4,2025-08-29 00:00:00,1
4924ae73,2025-09-09 00:00:00,1
4afd0029,2025-09-08 00:00:00,1
4c7feb09,2025-09-07 00:00:00,1
4dfef00b,2025-09-04 00:00:00,1
4f180c8d,2025-08-13 00:00:00,1
4f38c008,2025-08-27 00:00:00,1
4fb81150,2025-08-30 00:00:00,1
4fe13e13,2025-08-29 00:00:00,1
51cd690d,2025-09-04 00:00:00,1
52635afc,2025-08-19 00:00:00,1
54c4935b,2025-08-14 00:00:00,1
5582cd7d,2025-08-25 00:00:00,1
55b67638,2025-09-06 00:00:00,1
5662ae3f,2025-09-06 00:00:00,1
56820809,2025-08-21 00:00:00,1
56b49577,2025-08-21 00:00:00,1
575e197b,2025-09-10 00:00:00,1
5826a28f,2025-09-04 00:00:00,1
58450459,2025-08-13 00:00:00,1
58a7b22f,2025-08-19 00:00:00,1
5900c336,2025-08-26 00:00:00,1
5a63cdd8,2025-08-26 00:00:00,1
5b6bff39,2025-09-02 00:00:00,1
5bc2533b,2025-08-28 00:00:00,1
5c1ab54f,2025-08-22 00:00:00,1
5c224d72,2025-08-16 00:00:00,1
5c5fa835,2025-08-20 00:00:00,1
5f40ec5c,2025-08-30 00:00:00,1
60546954,2025-08-14 00:00:00,1
605b016c,2025-08-30 00:00:00,1
60700dde,2025-08-25 00:00:00,1
60d3a6b8,2025-08-26 00:00:00,1
62034c07,2025-08-15 00:00:00,1
62071aa5,2025-09-11 00:00:00,1
62254b0b,2025-09-09 00:00:00,1
643c2e36,2025-08-25 00:00:00,1
66283110,2025-08-31 00:00:00,1
664b01c8,2025-08-23 00:00:00,1
66db3696,2025-08-20 00:00:00,1
67b2bf6a,2025-08-15 00:00:00,1
67eeef67,2025-08-29 00:00:00,1
686ff599,2025-08-15 00:00:00,1
691843dc,2025-09-08 00:00:00,1
697eee5a,2025-09-10 00:00:00,1
6a9f3f58,2025-08-27 00:00:00,1
6b51d9fc,2025-08-19 00:00:00,1
6bd8d691,2025-09-03 00:00:00,1
6c18debd,2025-08-14 00:00:00,1
6c4e1555,2025-08-19 00:00:00,1
6dc81abc,2025-09-08 00:00:00,1
6de42812,2025-08-15 00:00:00,1
6e0a21dc,2025-09-10 00:00:00,1
6e50dccc,2025-09-04 00:00:00,1
6ea1ad62,2025-08-26 00:00:00,1
6fb78aa9,2025-08-12 00:00:00,1
6fff03c1,2025-08-13 00:00:00,1
7068175c,2025-08-26 00:00:00,1
710d6be3,2025-08-25 00:00:00,1
7146a322,2025-08-25 00:00:00,1
71607246,2025-09-09 00:00:00,1
71f1c231,2025-08-30 00:00:00,1
74df5233,2025-08-15 00:00:00,1
757065c5,2025-09-08 00:00:00,1
760f141a,2025-09-02 00:00:00,1
7717934d,2025-09-02 00:00:00,1
78b8e24d,2025-08-20 00:00:00,1
79e7394e,2025-08-19 00:00:00,1
7a304556,2025-08-30 00:00:00,1
7a484f5d,2025-08-12 00:00:00,1
7afc9d26,2025-09-10 00:00:00,1
7b87f157,2025-08-24 00:00:00,1
7bb17cba,2025-09-10 00:00:00,1
7c2f3188,2025-08-20 00:00:00,1
7c3e4913,2025-09-03 00:00:00,1
7d8797bf,2025-08-28 00:00:00,1
7e19bb13,2025-08-28 00:00:00,1
7e4eed14,2025-08-27 00:00:00,1
7e87646c,2025-09-09 00:00:00,1
803fa8df,2025-09-03 00:00:00,1
80d84734,2025-08-31 00:00:00,1
823d3e47,2025-09-05 00:00:00,1
839a4bba,2025-09-02 00:00:00,1
841b10e9,2025-08-16 00:00:00,1
84c7d610,2025-09-06 00:00:00,1
854342fc,2025-08-14 00:00:00,1
86f0ecee,2025-08-23 00:00:00,1
86f85023,2025-08-30 00:00:00,1
876ebea6,2025-08-22 00:00:00,1
877cf2cd,2025-09-09 00:00:00,1
877fa7e2,2025-09-03 00:00:00,1
882b514e,2025-09-01 00:00:00,1
8916b220,2025-08-17 00:00:00,1
8917ed41,2025-08-28 00:00:00,1
89ef5e78,2025-08-30 00:00:00,1
8ac08d15,2025-08-14 00:00:00,1
8acf1ac0,2025-08-15 00:00:00,1
8b27a4ff,2025-08-22 00:00:00,1
8bdd2d3a,2025-09-06 00:00:00,1
8c4b9f36,2025-09-10 00:00:00,1
8cc2d89a,2025-09-10 00:00:00,1
8d892c26,2025-08-14 00:00:00,1
8d8f2d4c,2025-09-02 00:00:00,1
8eb9ba1a,2025-09-01 00:00:00,1
8f92700d,2025-09-11 00:00:00,1
8f962d41,2025-09-03 00:00:00,1
9087fc98,2025-08-16 00:00:00,1
90ea7074,2025-08-26 00:00:00,1
9123948b,2025-09-05 00:00:00,1
92465d91,2025-09-11 00:00:00,1
9271ca15,2025-08-26 00:00:00,1
93307161,2025-08-16 00:00:00,1
936f9926,2025-08-31 00:00:00,1
9417f879,2025-09-02 00:00:00,1
956010f8,2025-09-02 00:00:00,1
95bc3ec3,2025-09-03 00:00:00,1
9696580e,2025-09-05 00:00:00,1
96ba3564,2025-08-21 00:00:00,1
9705446b,2025-08-21 00:00:00,1
9790ff05,2025-08-20 00:00:00,1
98a3022d,2025-08-21 00:00:00,1
993347f2,2025-09-01 00:00:00,1
999ba4f4,2025-08-20 00:00:00,1
99a59a9e,2025-08-13 00:00:00,1
9bd89ade,2025-08-26 00:00:00,1
9cc77397,2025-08-16 00:00:00,1
9e8e47cb,2025-08-15 00:00:00,1
9ea126ca,2025-09-04 00:00:00,1
a0f1d363,2025-08-14 00:00:00,1
a1f27350,2025-09-11 00:00:00,1
a1f4447b,2025-09-02 00:00:00,1
a20a821d,2025-09-09 00:00:00,1
a28db513,2025-09-01 00:00:00,1
a485a0ab,2025-08-21 00:00:00,1
a5a7642c,2025-08-16 00:00:00,1
a6062f2f,2025-09-04 00:00:00,1
a661c25a,2025-08-29 00:00:00,1
a74e1c60,2025-09-02 00:00:00,1
a7ae8260,2025-08-26 00:00:00,1
a8270446,2025-08-15 00:00:00,1
aac7246f,2025-08-14 00:00:00,1
ab20a625,2025-08-15 00:00:00,1
ab35df4b,2025-08-20 00:00:00,1
acc87c25,2025-08-25 00:00:00,1
ad251033,2025-09-05 00:00:00,1
ad42d165,2025-09-06 00:00:00,1
adbeed6e,2025-08-12 00:00:00,1
aebd1d01,2025-09-03 00:00:00,1
aecfcb3d,2025-09-02 00:00:00,1
b0b829c8,2025-09-01 00:00:00,1
b0cdccd3,2025-08-25 00:00:00,1
b1062c8d,2025-08-21 00:00:00,1
b1385024,2025-08-16 00:00:00,1
b18aa20d,2025-08-25 00:00:00,1
b19f26a6,2025-09-01 00:00:00,1
b2fabcb1,2025-08-29 00:00:00,1
b34d5958,2025-09-08 00:00:00,1
b3581a6e,2025-08-25 00:00:00,1
b3610f06,2025-08-14 00:00:00,1
b429aae8,2025-09-05 00:00:00,1
b465519d,2025-08-26 00:00:00,1
b5140c02,2025-08-31 00:00:00,1
b5b3f367,2025-08-21 00:00:00,1
b800c6d4,2025-08-14 00:00:00,1
b8b3bc0e,2025-08-18 00:00:00,1
b901aa0e,2025-08-25 00:00:00,1
b9381a32,2025-08-20 00:00:00,1
ba73ff1e,2025-09-03 00:00:00,1
bf7b8507,2025-08-18 00:00:00,1
bfaf63c5,2025-09-09 00:00:00,1
bfc60574,2025-08-26 00:00:00,1
c1d8d97f,2025-09-01 00:00:00,1
c4518731,2025-09-08 00:00:00,1
c46c522b,2025-08-23 00:00:00,1
c4cd820b,2025-08-26 00:00:00,1
c56cff07,2025-09-04 00:00:00,1
c6092009,2025-08-30 00:00:00,1
c61315db,2025-08-22 00:00:00,1
c7493db5,2025-09-07 00:00:00,1
c78f7513,2025-08-26 00:00:00,1
c7a2e914,2025-08-23 00:00:00,1
c7c796d4,2025-08-25 00:00:00,1
c81f036e,2025-09-10 00:00:00,1
c8333ebe,2025-08-26 00:00:00,1
c8722463,2025-09-06 00:00:00,1
c98c83c4,2025-09-08 00:00:00,1
cb86cb4e,2025-08-19 00:00:00,1
cd234eb6,2025-08-29 00:00:00,1
cd5a5a46,2025-08-22 00:00:00,1
cdceefe1,2025-09-11 00:00:00,1
ce1e46e6,2025-09-01 00:00:00,1
ce23d60c,2025-09-09 00:00:00,1
ce7efe87,2025-08-21 00:00:00,1
cf5f0bcd,2025-08-26 00:00:00,1
d096ba7d,2025-09-01 00:00:00,1
d0b8b158,2025-08-13 00:00:00,1
d0eb6bc8,2025-09-02 00:00:00,1
d143347a,2025-08-27 00:00:00,1
d16aad3a,2025-08-13 00:00:00,1
d1f0efc5,2025-09-07 00:00:00,1
d287f596,2025-09-08 00:00:00,1
d28b7f5b,2025-08-27 00:00:00,1
d2b02bf0,2025-08-23 00:00:00,1
d3dfcdfc,2025-09-06 00:00:00,1
d3f4685b,2025-09-05 00:00:00,1
d416c3a3,2025-08-21 00:00:00,1
d4a5d66a,2025-08-26 00:00:00,1
d50790c0,2025-08-29 00:00:00,1
d9338b83,2025-08-14 00:00:00,1
da05b632,2025-08-17 00:00:00,1
da334a84,2025-09-02 00:00:00,1
da41a00a,2025-08-16 00:00:00,1
da8b7c53,2025-08-29 00:00:00,1
db1aaf88,2025-09-01 00:00:00,1
dbd71bf2,2025-09-08 00:00:00,1
dc5b696b,2025-08-20 00:00:00,1
dea16df6,2025-08-26 00:00:00,1
df8832fb,2025-09-02 00:00:00,1
e09139a9,2025-08-30 00:00:00,1
e1256e19,2025-08-23 00:00:00,1
e22a0c3b,2025-08-17 00:00:00,1
e3f00a91,2025-09-10 00:00:00,1
e4211228,2025-08-24 00:00:00,1
e6bd49e8,2025-08-14 00:00:00,1
e6ca9c74,2025-09-09 00:00:00,1
e85b1615,2025-08-25 00:00:00,1
e896a90f,2025-09-01 00:00:00,1
eb88acf7,2025-09-11 00:00:00,1
eb8c1bed,2025-08-12 00:00:00,1
ebbb113e,2025-09-04 00:00:00,1
ebc37ab7,2025-08-22 00:00:00,1
ec00f15d,2025-09-06 00:00:00,1
edc442ce,2025-09-01 00:00:00,1
edefcd97,2025-08-18 00:00:00,1
ee3fcdf5,2025-08-20 00:00:00,1
ee9b0b13,2025-08-27 00:00:00,1
eedc24f7,2025-08-24 00:00:00,1
f04e609a,2025-09-11 00:00:00,1
f1eeb7f2,2025-09-01 00:00:00,1
f2a9ac22,2025-08-27 00:00:00,1
f2f8aee9,2025-08-20 00:00:00,1
f32d3c3c,2025-08-18 00:00:00,1
f3d08f04,2025-08-25 00:00:00,1
f458252e,2025-08-14 00:00:00,1
f4f20900,2025-09-11 00:00:00,1
f6e8edfc,2025-09-03 00:00:00,1
f761c77c,2025-08-25 00:00:00,1
f8aac124,2025-08-27 00:00:00,1
fb5e3bc0,2025-08-19 00:00:00,1
fb68d097,2025-08-31 00:00:00,1
fcb30f28,2025-08-23 00:00:00,1
fdb35fe3,2025-08-12 00:00:00,1
ffb329c6,2025-08-27 00:00:00,1
