System Created ID,Agents Ordered – 4th Month (30 Days),Minorderdate
006e0d1e,1,2025-09-10 00:00:00
019f08d9,1,2025-09-07 00:00:00
01dbd458,1,2025-08-20 00:00:00
01e8151e,1,2025-09-11 00:00:00
02ada9d9,1,2025-09-10 00:00:00
02bd21f0,1,2025-08-14 00:00:00
02c318ad,1,2025-08-26 00:00:00
03069e4a,1,2025-08-18 00:00:00
0355e4af,1,2025-09-10 00:00:00
03cf1d9f,1,2025-09-01 00:00:00
03d123f7,1,2025-09-01 00:00:00
03e36fd9,1,2025-08-14 00:00:00
03ecdce9,1,2025-09-02 00:00:00
03ecdf10,1,2025-08-25 00:00:00
0467d554,1,2025-08-27 00:00:00
04997d0d,1,2025-09-02 00:00:00
04aacb18,1,2025-08-29 00:00:00
04cc0111,1,2025-09-01 00:00:00
04cf361d,1,2025-09-08 00:00:00
04ea2857,1,2025-09-01 00:00:00
053f244d,1,2025-08-25 00:00:00
057c1489,1,2025-08-20 00:00:00
05dc539d,1,2025-08-25 00:00:00
05fc251d,1,2025-09-08 00:00:00
0600aec2,1,2025-08-24 00:00:00
06223dcb,1,2025-09-04 00:00:00
0655e83f,1,2025-08-18 00:00:00
06c509ab,1,2025-08-19 00:00:00
06f129a8,1,2025-08-31 00:00:00
075bd032,1,2025-08-21 00:00:00
07639a9a,1,2025-08-20 00:00:00
077574b4,1,2025-08-22 00:00:00
087f7410,1,2025-09-04 00:00:00
08dc04ce,1,2025-09-05 00:00:00
092207ab,1,2025-08-28 00:00:00
09699aea,1,2025-09-10 00:00:00
0a0d56a3,1,2025-08-19 00:00:00
0a7d5222,1,2025-09-10 00:00:00
0a80d86a,1,2025-09-05 00:00:00
0acf0285,1,2025-08-31 00:00:00
0bbde433,1,2025-08-18 00:00:00
0bc24c07,1,2025-08-21 00:00:00
0be1f354,1,2025-09-01 00:00:00
0c33e5ab,1,2025-09-05 00:00:00
0c9a9036,1,2025-09-01 00:00:00
0ca14545,1,2025-08-31 00:00:00
0ca7a550,1,2025-08-20 00:00:00
0d057ad3,1,2025-09-11 00:00:00
0d95d2e1,1,2025-08-27 00:00:00
0d99c741,1,2025-08-16 00:00:00
0e5a7359,1,2025-09-02 00:00:00
0e98cc2e,1,2025-09-10 00:00:00
0ec4d865,1,2025-09-03 00:00:00
0eee176a,1,2025-08-16 00:00:00
0f3bdaa7,1,2025-09-10 00:00:00
0f53f77a,1,2025-08-18 00:00:00
0f8a7d1a,1,2025-08-25 00:00:00
0fa111ad,1,2025-08-31 00:00:00
0fc05d75,1,2025-08-15 00:00:00
0fcd7639,1,2025-08-20 00:00:00
106df97e,1,2025-09-06 00:00:00
11227c1f,1,2025-09-05 00:00:00
1126be6a,1,2025-08-23 00:00:00
12e4d4de,1,2025-08-22 00:00:00
1339bfbd,1,2025-08-19 00:00:00
13686501,1,2025-08-12 00:00:00
136e2d08,1,2025-09-09 00:00:00
13704392,1,2025-08-21 00:00:00
13c8cc7c,1,2025-08-25 00:00:00
14444920,1,2025-08-17 00:00:00
145bd530,1,2025-09-01 00:00:00
149e2cca,1,2025-08-25 00:00:00
14daa2d2,1,2025-08-16 00:00:00
15485696,1,2025-08-19 00:00:00
15497b5f,1,2025-08-12 00:00:00
156411b0,1,2025-08-30 00:00:00
1576f27b,1,2025-09-10 00:00:00
1607c814,1,2025-08-18 00:00:00
1615266d,1,2025-08-19 00:00:00
161c3085,1,2025-09-01 00:00:00
17295fef,1,2025-09-06 00:00:00
177c1600,1,2025-08-13 00:00:00
18d37069,1,2025-09-08 00:00:00
18f5f3d7,1,2025-09-08 00:00:00
19091334,1,2025-08-13 00:00:00
19497ff7,1,2025-08-18 00:00:00
196c3aac,1,2025-09-02 00:00:00
19d4a26f,1,2025-09-09 00:00:00
1a5f6a22,1,2025-08-25 00:00:00
1b23c5c2,1,2025-09-01 00:00:00
1b58a49f,1,2025-08-16 00:00:00
1b6926c9,1,2025-09-06 00:00:00
1c408552,1,2025-09-09 00:00:00
1c516d65,1,2025-09-08 00:00:00
1c859916,1,2025-08-26 00:00:00
1ccb69c8,1,2025-09-11 00:00:00
1ce6553f,1,2025-08-18 00:00:00
1d137ea7,1,2025-08-18 00:00:00
1d236300,1,2025-09-08 00:00:00
1d323b50,1,2025-08-24 00:00:00
1d896a55,1,2025-08-25 00:00:00
1d95321d,1,2025-08-17 00:00:00
1db4d28d,1,2025-08-15 00:00:00
1e0244a3,1,2025-08-25 00:00:00
1e0f0be5,1,2025-09-04 00:00:00
1e56ef1a,1,2025-09-01 00:00:00
1e8ea372,1,2025-09-07 00:00:00
1ea3d82f,1,2025-09-03 00:00:00
1ff4d312,1,2025-09-01 00:00:00
2007ce91,1,2025-09-07 00:00:00
20307620,1,2025-08-23 00:00:00
20cdb354,1,2025-08-21 00:00:00
21fc1959,1,2025-08-21 00:00:00
222a4509,1,2025-09-11 00:00:00
2305f57d,1,2025-08-12 00:00:00
236b5c0c,1,2025-08-24 00:00:00
23ace7e6,1,2025-08-30 00:00:00
23c3dff0,1,2025-08-29 00:00:00
23d100c3,1,2025-08-20 00:00:00
2451f25e,1,2025-08-12 00:00:00
24a4ee2f,1,2025-09-06 00:00:00
24ef412e,1,2025-09-09 00:00:00
2506366a,1,2025-08-13 00:00:00
2566fd3a,1,2025-08-31 00:00:00
258bc4a2,1,2025-08-12 00:00:00
2673f5ff,1,2025-09-03 00:00:00
26cc8b09,1,2025-08-21 00:00:00
271f9930,1,2025-09-11 00:00:00
2768ed7d,1,2025-09-04 00:00:00
27abe872,1,2025-09-10 00:00:00
28869626,1,2025-08-16 00:00:00
28a163a3,1,2025-09-09 00:00:00
28f1ad53,1,2025-09-11 00:00:00
29210418,1,2025-08-20 00:00:00
294b972d,1,2025-09-08 00:00:00
295e24f5,1,2025-08-29 00:00:00
297bdfe1,1,2025-08-15 00:00:00
2ad7cd46,1,2025-09-04 00:00:00
2ad8f19a,1,2025-09-11 00:00:00
2b5a6bb1,1,2025-08-14 00:00:00
2b84091e,1,2025-08-23 00:00:00
2bf27b80,1,2025-09-04 00:00:00
2c1cddfe,1,2025-09-03 00:00:00
2c9b9347,1,2025-08-29 00:00:00
2ca3ef33,1,2025-08-23 00:00:00
2ca7f245,1,2025-08-23 00:00:00
2cb15da7,1,2025-08-30 00:00:00
2cc7c2f5,1,2025-09-03 00:00:00
2d681557,1,2025-08-25 00:00:00
2d717cd2,1,2025-08-18 00:00:00
2dc9b894,1,2025-08-24 00:00:00
2df8aa7e,1,2025-08-12 00:00:00
2e1db261,1,2025-09-09 00:00:00
2e5a863a,1,2025-08-26 00:00:00
2e5aa172,1,2025-09-02 00:00:00
2e83e542,1,2025-09-07 00:00:00
2e86d6ea,1,2025-08-12 00:00:00
2e9f58a4,1,2025-08-21 00:00:00
2ea1e30c,1,2025-09-06 00:00:00
2ea29866,1,2025-09-04 00:00:00
2ee27bda,1,2025-08-16 00:00:00
2f034aed,1,2025-08-20 00:00:00
2f33148b,1,2025-08-13 00:00:00
2f46c206,1,2025-08-19 00:00:00
2fbe6a84,1,2025-09-10 00:00:00
3036ff43,1,2025-09-04 00:00:00
3046140d,1,2025-09-10 00:00:00
305b2615,1,2025-08-18 00:00:00
30a3f466,1,2025-08-20 00:00:00
30b6faeb,1,2025-08-28 00:00:00
30c58e2b,1,2025-09-03 00:00:00
30ed5bfb,1,2025-09-10 00:00:00
312d871a,1,2025-08-21 00:00:00
315afc86,1,2025-09-06 00:00:00
316b70ca,1,2025-08-13 00:00:00
31f7bafe,1,2025-08-18 00:00:00
3218c319,1,2025-08-21 00:00:00
327f03c9,1,2025-09-02 00:00:00
329a05f8,1,2025-09-02 00:00:00
33629420,1,2025-09-01 00:00:00
33822862,1,2025-08-20 00:00:00
33d98ca4,1,2025-09-05 00:00:00
33f1eea3,1,2025-09-11 00:00:00
34d27b3c,1,2025-09-09 00:00:00
354ac32d,1,2025-08-20 00:00:00
35da273f,1,2025-09-10 00:00:00
361730c5,1,2025-08-12 00:00:00
3666ca77,1,2025-09-03 00:00:00
36c4e60f,1,2025-08-21 00:00:00
36d1706c,1,2025-08-21 00:00:00
36d85d6f,1,2025-08-20 00:00:00
373cec8e,1,2025-08-20 00:00:00
37ca89e2,1,2025-09-01 00:00:00
37cb2b6f,1,2025-09-07 00:00:00
385c8111,1,2025-09-08 00:00:00
3923c7be,1,2025-08-16 00:00:00
39c5ec50,1,2025-09-05 00:00:00
39d3aa66,1,2025-08-26 00:00:00
3a15148f,1,2025-09-02 00:00:00
3a1815af,1,2025-08-25 00:00:00
3a32368d,1,2025-09-02 00:00:00
3a56c9b5,1,2025-08-14 00:00:00
3abeb81f,1,2025-08-31 00:00:00
3b6109e3,1,2025-09-02 00:00:00
3bb712dc,1,2025-09-02 00:00:00
3bfe12b3,1,2025-09-09 00:00:00
3c0444d0,1,2025-09-06 00:00:00
3c18364d,1,2025-08-19 00:00:00
3c46f5e4,1,2025-09-10 00:00:00
3c4f0ad6,1,2025-09-02 00:00:00
3c76643e,1,2025-08-31 00:00:00
3c7e0e33,1,2025-09-05 00:00:00
3ce5c529,1,2025-09-09 00:00:00
3cf06816,1,2025-09-10 00:00:00
3dd135f1,1,2025-09-11 00:00:00
3e0862dd,1,2025-09-07 00:00:00
3e6bc687,1,2025-08-21 00:00:00
3e7bf27a,1,2025-08-29 00:00:00
3e9b0dff,1,2025-08-24 00:00:00
3ef75612,1,2025-08-28 00:00:00
3efcf6df,1,2025-09-04 00:00:00
3f380dcb,1,2025-09-07 00:00:00
3f70efe6,1,2025-08-13 00:00:00
3f7d7efe,1,2025-08-26 00:00:00
3fdc5e1f,1,2025-08-14 00:00:00
3ff94585,1,2025-09-11 00:00:00
400a3d1a,1,2025-08-27 00:00:00
401d1ab5,1,2025-09-07 00:00:00
4023482f,1,2025-08-12 00:00:00
40d37dbc,1,2025-08-16 00:00:00
40d49681,1,2025-08-12 00:00:00
414921ea,1,2025-08-26 00:00:00
418f114f,1,2025-08-22 00:00:00
41d73fad,1,2025-09-04 00:00:00
42a8c596,1,2025-09-01 00:00:00
42c9fa93,1,2025-08-17 00:00:00
42fa2645,1,2025-08-27 00:00:00
430524d5,1,2025-09-06 00:00:00
43507f76,1,2025-08-20 00:00:00
4421dffd,1,2025-09-04 00:00:00
442a14e8,1,2025-09-09 00:00:00
4464b56f,1,2025-09-01 00:00:00
4510665e,1,2025-09-07 00:00:00
453caf57,1,2025-08-26 00:00:00
455ba0b7,1,2025-09-10 00:00:00
457bdc59,1,2025-08-20 00:00:00
458a5281,1,2025-08-24 00:00:00
45b47ebc,1,2025-09-10 00:00:00
4665c84c,1,2025-09-01 00:00:00
46910f8f,1,2025-09-02 00:00:00
46a1a50d,1,2025-09-02 00:00:00
474589ba,1,2025-08-25 00:00:00
47946a08,1,2025-08-12 00:00:00
47ce5b47,1,2025-08-26 00:00:00
48435c88,1,2025-08-26 00:00:00
48c89951,1,2025-09-01 00:00:00
48f61e1c,1,2025-08-22 00:00:00
48f761c4,1,2025-08-29 00:00:00
4924ae73,1,2025-09-09 00:00:00
4948bc94,1,2025-09-09 00:00:00
4956d20a,1,2025-08-27 00:00:00
495a62b8,1,2025-09-02 00:00:00
4a42bdba,1,2025-09-04 00:00:00
4a646c09,1,2025-08-27 00:00:00
4a930c89,1,2025-08-12 00:00:00
4acaf621,1,2025-09-02 00:00:00
4addf239,1,2025-08-15 00:00:00
4afd0029,1,2025-09-08 00:00:00
4b06858a,1,2025-08-25 00:00:00
4c7feb09,1,2025-09-07 00:00:00
4d4556f4,1,2025-08-22 00:00:00
4d731f6b,1,2025-09-01 00:00:00
4d80bff4,1,2025-09-02 00:00:00
4dfef00b,1,2025-09-04 00:00:00
4e403c84,1,2025-09-06 00:00:00
4e481a8c,1,2025-08-16 00:00:00
4ea889d7,1,2025-08-29 00:00:00
4f0c704f,1,2025-09-05 00:00:00
4f180c8d,1,2025-08-13 00:00:00
4f38c008,1,2025-08-27 00:00:00
4f444d8d,1,2025-08-25 00:00:00
4f591998,1,2025-09-01 00:00:00
4fa53631,1,2025-08-29 00:00:00
4fb81150,1,2025-08-30 00:00:00
4fce802d,1,2025-09-04 00:00:00
4fe13e13,1,2025-08-29 00:00:00
4fe81821,1,2025-08-27 00:00:00
50dc0b00,1,2025-09-02 00:00:00
50eada63,1,2025-09-08 00:00:00
51a4eb3f,1,2025-09-02 00:00:00
51b481fd,1,2025-09-03 00:00:00
51cd690d,1,2025-09-04 00:00:00
5213c2ec,1,2025-08-18 00:00:00
522f1172,1,2025-09-07 00:00:00
52635afc,1,2025-08-19 00:00:00
52781485,1,2025-08-21 00:00:00
532dede8,1,2025-08-14 00:00:00
535aeedd,1,2025-08-15 00:00:00
53947734,1,2025-08-27 00:00:00
53b17e9a,1,2025-08-29 00:00:00
54345b47,1,2025-08-28 00:00:00
54a98045,1,2025-09-06 00:00:00
54b02785,1,2025-08-27 00:00:00
54c4935b,1,2025-08-14 00:00:00
54d83af6,1,2025-08-17 00:00:00
54f1a40b,1,2025-08-16 00:00:00
554e07eb,1,2025-08-13 00:00:00
5582cd7d,1,2025-08-25 00:00:00
55b67638,1,2025-09-06 00:00:00
55d83025,1,2025-08-15 00:00:00
5662ae3f,1,2025-09-06 00:00:00
56820809,1,2025-08-21 00:00:00
56b49577,1,2025-08-21 00:00:00
574d5a49,1,2025-09-08 00:00:00
575e197b,1,2025-09-10 00:00:00
579481ef,1,2025-08-29 00:00:00
57a4b7f2,1,2025-09-02 00:00:00
57d1d540,1,2025-09-08 00:00:00
57d708b6,1,2025-08-29 00:00:00
5826a28f,1,2025-09-04 00:00:00
582cbc6b,1,2025-08-20 00:00:00
58450459,1,2025-08-13 00:00:00
5867c215,1,2025-08-26 00:00:00
58a7b22f,1,2025-08-19 00:00:00
58b0f669,1,2025-08-12 00:00:00
5900c336,1,2025-08-26 00:00:00
599b46f2,1,2025-08-21 00:00:00
59d6e260,1,2025-09-01 00:00:00
59daa4bd,1,2025-09-07 00:00:00
5a63cdd8,1,2025-08-26 00:00:00
5ac4ff68,1,2025-08-19 00:00:00
5add7706,1,2025-08-19 00:00:00
5b22a64a,1,2025-09-03 00:00:00
5b28bc70,1,2025-08-21 00:00:00
5b6bff39,1,2025-09-02 00:00:00
5bb2e5dc,1,2025-08-30 00:00:00
5bbf8ce5,1,2025-09-04 00:00:00
5bc2533b,1,2025-08-28 00:00:00
5c1ab54f,1,2025-08-22 00:00:00
5c224d72,1,2025-08-16 00:00:00
5c5fa835,1,2025-08-20 00:00:00
5c6f84b2,1,2025-08-18 00:00:00
5dab7da8,1,2025-08-21 00:00:00
5e2b2361,1,2025-08-30 00:00:00
5eab7c43,1,2025-09-01 00:00:00
5eca9286,1,2025-08-23 00:00:00
5ee946cb,1,2025-09-04 00:00:00
5f40272c,1,2025-08-19 00:00:00
5f40ec5c,1,2025-08-30 00:00:00
5f5d80c2,1,2025-08-31 00:00:00
60546954,1,2025-08-14 00:00:00
605b016c,1,2025-08-30 00:00:00
60700dde,1,2025-08-25 00:00:00
60d3a6b8,1,2025-08-26 00:00:00
61579882,1,2025-09-01 00:00:00
61c179c0,1,2025-08-18 00:00:00
61f4d236,1,2025-09-03 00:00:00
62034c07,1,2025-08-15 00:00:00
62071aa5,1,2025-09-11 00:00:00
6208dcda,1,2025-08-20 00:00:00
621ac522,1,2025-09-08 00:00:00
62254b0b,1,2025-09-09 00:00:00
623678b8,1,2025-09-01 00:00:00
6325a6e7,1,2025-08-20 00:00:00
63a2eed9,1,2025-09-04 00:00:00
643c2e36,1,2025-08-25 00:00:00
65d0fed0,1,2025-09-10 00:00:00
660403a5,1,2025-09-01 00:00:00
66283110,1,2025-08-31 00:00:00
664b01c8,1,2025-08-23 00:00:00
66765203,1,2025-08-28 00:00:00
66c89943,1,2025-08-24 00:00:00
66db3696,1,2025-08-20 00:00:00
6730ef8e,1,2025-09-05 00:00:00
67b2bf6a,1,2025-08-15 00:00:00
67eeef67,1,2025-08-29 00:00:00
680dbeb0,1,2025-09-01 00:00:00
686ff599,1,2025-08-15 00:00:00
688c54ce,1,2025-08-29 00:00:00
68dfb8fc,1,2025-09-08 00:00:00
691843dc,1,2025-09-08 00:00:00
695c0947,1,2025-08-26 00:00:00
697eee5a,1,2025-09-10 00:00:00
6982ea1b,1,2025-08-19 00:00:00
6a065df1,1,2025-08-14 00:00:00
6a9f3f58,1,2025-08-27 00:00:00
6b51d9fc,1,2025-08-19 00:00:00
6b699154,1,2025-08-20 00:00:00
6bbe84e7,1,2025-09-11 00:00:00
6bd8d691,1,2025-09-03 00:00:00
6bdf9d58,1,2025-09-07 00:00:00
6bf695a8,1,2025-08-28 00:00:00
6c18debd,1,2025-08-14 00:00:00
6c31a415,1,2025-09-10 00:00:00
6c4e1555,1,2025-08-19 00:00:00
6c7a4f5c,1,2025-09-09 00:00:00
6cc46b70,1,2025-08-15 00:00:00
6cd61adb,1,2025-08-20 00:00:00
6dc81abc,1,2025-09-08 00:00:00
6de42812,1,2025-08-15 00:00:00
6e0a21dc,1,2025-09-10 00:00:00
6e50dccc,1,2025-09-04 00:00:00
6e71304a,1,2025-09-03 00:00:00
6e8219e1,1,2025-09-04 00:00:00
6ea0556e,1,2025-08-24 00:00:00
6ea1ad62,1,2025-08-26 00:00:00
6fb78aa9,1,2025-08-12 00:00:00
6fc4cfc6,1,2025-08-31 00:00:00
6fff03c1,1,2025-08-13 00:00:00
70610e8d,1,2025-09-03 00:00:00
7068175c,1,2025-08-26 00:00:00
70b61613,1,2025-09-03 00:00:00
710d6be3,1,2025-08-25 00:00:00
7146a322,1,2025-08-25 00:00:00
71607246,1,2025-09-09 00:00:00
7188a464,1,2025-09-08 00:00:00
71e5bf12,1,2025-08-26 00:00:00
71eec8fe,1,2025-09-07 00:00:00
71f1c231,1,2025-08-30 00:00:00
72319fbf,1,2025-08-12 00:00:00
726ed9e3,1,2025-09-06 00:00:00
72c9e182,1,2025-08-25 00:00:00
7365e7e5,1,2025-09-09 00:00:00
736f94dd,1,2025-09-03 00:00:00
73804032,1,2025-08-27 00:00:00
739e881c,1,2025-09-08 00:00:00
73ac19cc,1,2025-09-08 00:00:00
74a38634,1,2025-09-01 00:00:00
74df5233,1,2025-08-15 00:00:00
752064cc,1,2025-08-27 00:00:00
756b50cb,1,2025-09-01 00:00:00
757065c5,1,2025-09-08 00:00:00
758f98c4,1,2025-08-22 00:00:00
759b6130,1,2025-09-09 00:00:00
7606889a,1,2025-08-26 00:00:00
760f141a,1,2025-09-02 00:00:00
761d7791,1,2025-08-28 00:00:00
7690dc61,1,2025-08-13 00:00:00
7717934d,1,2025-09-02 00:00:00
7796870f,1,2025-09-04 00:00:00
78a8ecf6,1,2025-09-10 00:00:00
78b8e24d,1,2025-08-20 00:00:00
78e35bdb,1,2025-09-11 00:00:00
79563018,1,2025-08-20 00:00:00
798d5dd1,1,2025-08-27 00:00:00
799b5b0f,1,2025-09-05 00:00:00
79a39d0c,1,2025-08-22 00:00:00
79e7394e,1,2025-08-19 00:00:00
79eba111,1,2025-09-04 00:00:00
7a304556,1,2025-08-30 00:00:00
7a484f5d,1,2025-08-12 00:00:00
7a69bca1,1,2025-08-25 00:00:00
7a96f509,1,2025-08-18 00:00:00
7afc9d26,1,2025-09-10 00:00:00
7b536f39,1,2025-08-26 00:00:00
7b5bd1c9,1,2025-09-06 00:00:00
7b87f157,1,2025-08-24 00:00:00
7b9840e3,1,2025-08-31 00:00:00
7bb17cba,1,2025-09-10 00:00:00
7c2f3188,1,2025-08-20 00:00:00
7c3e4913,1,2025-09-03 00:00:00
7c585eab,1,2025-08-24 00:00:00
7cac4a86,1,2025-08-22 00:00:00
7cc28c26,1,2025-08-15 00:00:00
7cfb9271,1,2025-09-11 00:00:00
7cff3bea,1,2025-09-09 00:00:00
7d0f5c6e,1,2025-08-26 00:00:00
7d30140a,1,2025-09-04 00:00:00
7d8797bf,1,2025-08-28 00:00:00
7d97ba0b,1,2025-08-21 00:00:00
7d98feda,1,2025-09-02 00:00:00
7e19bb13,1,2025-08-28 00:00:00
7e4eed14,1,2025-08-27 00:00:00
7e78943b,1,2025-09-05 00:00:00
7e87646c,1,2025-09-09 00:00:00
7eca2849,1,2025-08-15 00:00:00
7f8eb8d0,1,2025-08-18 00:00:00
802578f6,1,2025-09-10 00:00:00
802a1041,1,2025-08-24 00:00:00
803fa8df,1,2025-09-03 00:00:00
8044f674,1,2025-09-06 00:00:00
804dfb17,1,2025-09-09 00:00:00
8090e6f1,1,2025-08-22 00:00:00
80d84734,1,2025-08-31 00:00:00
817a22a6,1,2025-09-01 00:00:00
817af4fc,1,2025-09-04 00:00:00
81e4a0ba,1,2025-08-20 00:00:00
820c35b7,1,2025-09-04 00:00:00
823d3e47,1,2025-09-05 00:00:00
836842c5,1,2025-08-19 00:00:00
839a4bba,1,2025-09-02 00:00:00
83e350a2,1,2025-08-19 00:00:00
840a01fa,1,2025-08-14 00:00:00
841b10e9,1,2025-08-16 00:00:00
8455f793,1,2025-09-02 00:00:00
84a873a6,1,2025-08-27 00:00:00
84c7d610,1,2025-09-06 00:00:00
850f2a4e,1,2025-08-19 00:00:00
850fb434,1,2025-08-13 00:00:00
854342fc,1,2025-08-14 00:00:00
859481d6,1,2025-08-16 00:00:00
85d84e46,1,2025-08-30 00:00:00
860d5759,1,2025-09-01 00:00:00
862c6ac4,1,2025-09-02 00:00:00
86f0ecee,1,2025-08-23 00:00:00
86f85023,1,2025-08-30 00:00:00
8733a836,1,2025-08-26 00:00:00
876ebea6,1,2025-08-22 00:00:00
877cf2cd,1,2025-09-09 00:00:00
877fa7e2,1,2025-09-03 00:00:00
8824c054,1,2025-09-10 00:00:00
882b514e,1,2025-09-01 00:00:00
8849a4a6,1,2025-08-28 00:00:00
88621f2b,1,2025-08-19 00:00:00
88a6af02,1,2025-08-23 00:00:00
8914ebef,1,2025-08-19 00:00:00
8916b220,1,2025-08-17 00:00:00
8917ed41,1,2025-08-28 00:00:00
894f6736,1,2025-09-03 00:00:00
89ef5e78,1,2025-08-30 00:00:00
8a1ee593,1,2025-08-26 00:00:00
8a1fb040,1,2025-08-16 00:00:00
8aa793dc,1,2025-08-18 00:00:00
8aae4823,1,2025-09-04 00:00:00
8ac08d15,1,2025-08-14 00:00:00
8acf1ac0,1,2025-08-15 00:00:00
8b12a609,1,2025-08-21 00:00:00
8b27a4ff,1,2025-08-22 00:00:00
8b79a69a,1,2025-08-18 00:00:00
8b8cff4a,1,2025-09-01 00:00:00
8bdd2d3a,1,2025-09-06 00:00:00
8c4b9f36,1,2025-09-10 00:00:00
8cc2d89a,1,2025-09-10 00:00:00
8cd9eea6,1,2025-08-18 00:00:00
8d43ef02,1,2025-08-23 00:00:00
8d892c26,1,2025-08-14 00:00:00
8d8f2d4c,1,2025-09-02 00:00:00
8d9daba1,1,2025-09-04 00:00:00
8dc61b03,1,2025-08-20 00:00:00
8df7ce9c,1,2025-09-06 00:00:00
8eb9ba1a,1,2025-09-01 00:00:00
8ed9b5c2,1,2025-08-26 00:00:00
8f1ffabc,1,2025-08-12 00:00:00
8f92700d,1,2025-09-11 00:00:00
8f962d41,1,2025-09-03 00:00:00
8fbe5cbb,1,2025-08-16 00:00:00
8fdfd368,1,2025-09-04 00:00:00
90165fff,1,2025-08-14 00:00:00
9063a533,1,2025-09-07 00:00:00
9087fc98,1,2025-08-16 00:00:00
9088a22a,1,2025-09-09 00:00:00
90ea7074,1,2025-08-26 00:00:00
90eb8620,1,2025-08-13 00:00:00
9123948b,1,2025-09-05 00:00:00
91332b50,1,2025-09-01 00:00:00
923d730a,1,2025-08-12 00:00:00
92465d91,1,2025-09-11 00:00:00
924ac5a1,1,2025-09-04 00:00:00
9271ca15,1,2025-08-26 00:00:00
92dc5f0a,1,2025-09-09 00:00:00
93094092,1,2025-09-11 00:00:00
93307161,1,2025-08-16 00:00:00
9350f1ef,1,2025-08-30 00:00:00
936f9926,1,2025-08-31 00:00:00
9417f879,1,2025-09-02 00:00:00
94329ead,1,2025-08-31 00:00:00
94652336,1,2025-08-24 00:00:00
94901464,1,2025-09-03 00:00:00
949247cb,1,2025-09-08 00:00:00
94caaa29,1,2025-08-31 00:00:00
94f5fd2d,1,2025-09-01 00:00:00
9511aaa6,1,2025-08-21 00:00:00
956010f8,1,2025-09-02 00:00:00
95bc3ec3,1,2025-09-03 00:00:00
95cce69c,1,2025-08-25 00:00:00
9601aedb,1,2025-09-11 00:00:00
965c1794,1,2025-08-25 00:00:00
9696580e,1,2025-09-05 00:00:00
96aad452,1,2025-09-03 00:00:00
96ba3564,1,2025-08-21 00:00:00
96bbd781,1,2025-08-15 00:00:00
96d5b5df,1,2025-09-02 00:00:00
9705446b,1,2025-08-21 00:00:00
970c57ac,1,2025-08-14 00:00:00
9790ff05,1,2025-08-20 00:00:00
97a26499,1,2025-08-19 00:00:00
98a3022d,1,2025-08-21 00:00:00
993347f2,1,2025-09-01 00:00:00
999ba4f4,1,2025-08-20 00:00:00
99a59a9e,1,2025-08-13 00:00:00
99b9c6b7,1,2025-09-09 00:00:00
9a05e4d6,1,2025-09-01 00:00:00
9b7078be,1,2025-08-16 00:00:00
9bd89ade,1,2025-08-26 00:00:00
9c73f6cc,1,2025-09-05 00:00:00
9cc77397,1,2025-08-16 00:00:00
9d1c8fec,1,2025-08-19 00:00:00
9d3346bb,1,2025-09-04 00:00:00
9d826592,1,2025-08-24 00:00:00
9da4e2f4,1,2025-08-22 00:00:00
9e63d070,1,2025-08-20 00:00:00
9e6a8d98,1,2025-08-25 00:00:00
9e6aafa0,1,2025-09-10 00:00:00
9e7df35f,1,2025-08-23 00:00:00
9e8e47cb,1,2025-08-15 00:00:00
9ea126ca,1,2025-09-04 00:00:00
9edb6372,1,2025-08-14 00:00:00
9fab3683,1,2025-09-06 00:00:00
9fc28c0f,1,2025-08-27 00:00:00
a07bcf18,1,2025-09-06 00:00:00
a09b41b7,1,2025-08-22 00:00:00
a0f1d363,1,2025-08-14 00:00:00
a1f27350,1,2025-09-11 00:00:00
a1f4447b,1,2025-09-02 00:00:00
a20a821d,1,2025-09-09 00:00:00
a23431f7,1,2025-09-08 00:00:00
a28db513,1,2025-09-01 00:00:00
a3a8c816,1,2025-08-16 00:00:00
a485a0ab,1,2025-08-21 00:00:00
a5a7642c,1,2025-08-16 00:00:00
a6062f2f,1,2025-09-04 00:00:00
a631096c,1,2025-08-20 00:00:00
a661c25a,1,2025-08-29 00:00:00
a68b6cf0,1,2025-08-25 00:00:00
a73fc4cd,1,2025-08-22 00:00:00
a74e1c60,1,2025-09-02 00:00:00
a751909d,1,2025-09-09 00:00:00
a77513dc,1,2025-08-18 00:00:00
a797810f,1,2025-09-02 00:00:00
a7ae8260,1,2025-08-26 00:00:00
a8270446,1,2025-08-15 00:00:00
a8434b0d,1,2025-08-24 00:00:00
a867aafb,1,2025-08-23 00:00:00
a86857aa,1,2025-08-31 00:00:00
a96018c8,1,2025-08-25 00:00:00
a9b8d899,1,2025-09-02 00:00:00
aa53ad08,1,2025-09-02 00:00:00
aa6ed407,1,2025-08-25 00:00:00
aaaa6cbe,1,2025-08-15 00:00:00
aac7246f,1,2025-08-14 00:00:00
aae767d7,1,2025-09-03 00:00:00
aaf14c20,1,2025-09-03 00:00:00
ab0b5064,1,2025-08-25 00:00:00
ab20a625,1,2025-08-15 00:00:00
ab35df4b,1,2025-08-20 00:00:00
ab78fddd,1,2025-08-26 00:00:00
ab8a0222,1,2025-08-27 00:00:00
ab9b76d1,1,2025-09-09 00:00:00
abd34cf0,1,2025-09-07 00:00:00
abead649,1,2025-09-08 00:00:00
ac5ec49e,1,2025-09-09 00:00:00
acc87c25,1,2025-08-25 00:00:00
ad101104,1,2025-08-19 00:00:00
ad251033,1,2025-09-05 00:00:00
ad42d165,1,2025-09-06 00:00:00
adbeed6e,1,2025-08-12 00:00:00
adca946c,1,2025-09-07 00:00:00
ae02cc41,1,2025-09-06 00:00:00
ae6bc279,1,2025-08-30 00:00:00
aebd1d01,1,2025-09-03 00:00:00
aecfcb3d,1,2025-09-02 00:00:00
aede13c3,1,2025-08-23 00:00:00
af3d8aaa,1,2025-09-05 00:00:00
af7ed16f,1,2025-08-26 00:00:00
afc2f1c7,1,2025-08-12 00:00:00
b02a93ab,1,2025-08-30 00:00:00
b06d055a,1,2025-09-03 00:00:00
b0b829c8,1,2025-09-01 00:00:00
b0ba3040,1,2025-09-01 00:00:00
b0cdccd3,1,2025-08-25 00:00:00
b1062c8d,1,2025-08-21 00:00:00
b10fabc0,1,2025-08-15 00:00:00
b130d34d,1,2025-09-04 00:00:00
b1385024,1,2025-08-16 00:00:00
b18aa20d,1,2025-08-25 00:00:00
b19f26a6,1,2025-09-01 00:00:00
b27adbee,1,2025-08-25 00:00:00
b2c5f162,1,2025-08-14 00:00:00
b2f4e615,1,2025-09-11 00:00:00
b2fabcb1,1,2025-08-29 00:00:00
b34d5958,1,2025-09-08 00:00:00
b3581a6e,1,2025-08-25 00:00:00
b3610f06,1,2025-08-14 00:00:00
b429aae8,1,2025-09-05 00:00:00
b44edd38,1,2025-08-25 00:00:00
b465519d,1,2025-08-26 00:00:00
b47e0f64,1,2025-09-08 00:00:00
b5140c02,1,2025-08-31 00:00:00
b5b3f367,1,2025-08-21 00:00:00
b5de4e18,1,2025-08-27 00:00:00
b6387a85,1,2025-09-02 00:00:00
b641c880,1,2025-09-08 00:00:00
b6e8fde8,1,2025-08-29 00:00:00
b709167c,1,2025-08-19 00:00:00
b800c6d4,1,2025-08-14 00:00:00
b80c4d5b,1,2025-09-02 00:00:00
b8119e15,1,2025-08-26 00:00:00
b820de83,1,2025-09-11 00:00:00
b832868a,1,2025-09-02 00:00:00
b8b3bc0e,1,2025-08-18 00:00:00
b901aa0e,1,2025-08-25 00:00:00
b91b7e7b,1,2025-09-10 00:00:00
b9381a32,1,2025-08-20 00:00:00
b975d440,1,2025-09-11 00:00:00
ba32c5d1,1,2025-09-03 00:00:00
ba382d96,1,2025-09-01 00:00:00
ba4d80fb,1,2025-08-27 00:00:00
ba73ff1e,1,2025-09-03 00:00:00
ba9c5351,1,2025-08-20 00:00:00
ba9cd5f2,1,2025-08-26 00:00:00
bab12c2a,1,2025-09-09 00:00:00
bacb4b7e,1,2025-08-23 00:00:00
bb56aa8c,1,2025-09-08 00:00:00
bb7eee24,1,2025-08-30 00:00:00
bbbb9ad0,1,2025-08-16 00:00:00
bc25b46e,1,2025-09-11 00:00:00
bd35946c,1,2025-09-05 00:00:00
bde44adf,1,2025-09-11 00:00:00
bdff2019,1,2025-09-01 00:00:00
bef73a2c,1,2025-08-25 00:00:00
bf1f8d0b,1,2025-08-30 00:00:00
bf7b8507,1,2025-08-18 00:00:00
bf7c3f3e,1,2025-08-27 00:00:00
bfaf63c5,1,2025-09-09 00:00:00
bfc60574,1,2025-08-26 00:00:00
c00dd88e,1,2025-09-03 00:00:00
c067a90a,1,2025-09-05 00:00:00
c0bf1d74,1,2025-09-01 00:00:00
c1d8d97f,1,2025-09-01 00:00:00
c201a6ed,1,2025-09-02 00:00:00
c29e0077,1,2025-08-27 00:00:00
c2b503c1,1,2025-09-01 00:00:00
c324876b,1,2025-08-17 00:00:00
c32a9a10,1,2025-08-25 00:00:00
c402eb22,1,2025-09-04 00:00:00
c43e2bed,1,2025-08-27 00:00:00
c4518731,1,2025-09-08 00:00:00
c4540490,1,2025-09-01 00:00:00
c46c522b,1,2025-08-23 00:00:00
c4a12240,1,2025-08-28 00:00:00
c4cd820b,1,2025-08-26 00:00:00
c51fe18f,1,2025-09-11 00:00:00
c56cff07,1,2025-09-04 00:00:00
c6092009,1,2025-08-30 00:00:00
c61315db,1,2025-08-22 00:00:00
c6269fe0,1,2025-08-18 00:00:00
c67afd7a,1,2025-09-08 00:00:00
c6e89429,1,2025-08-23 00:00:00
c702ec27,1,2025-09-01 00:00:00
c7493db5,1,2025-09-07 00:00:00
c78f7513,1,2025-08-26 00:00:00
c7a2e914,1,2025-08-23 00:00:00
c7c796d4,1,2025-08-25 00:00:00
c81f036e,1,2025-09-10 00:00:00
c8333ebe,1,2025-08-26 00:00:00
c8722463,1,2025-09-06 00:00:00
c87cc40d,1,2025-08-13 00:00:00
c8f7e9df,1,2025-08-14 00:00:00
c93d326c,1,2025-08-27 00:00:00
c98c83c4,1,2025-09-08 00:00:00
c9f99a4e,1,2025-09-01 00:00:00
ca23872a,1,2025-08-12 00:00:00
cac49fa1,1,2025-09-01 00:00:00
cae936c8,1,2025-08-21 00:00:00
cb16f122,1,2025-09-06 00:00:00
cb86cb4e,1,2025-08-19 00:00:00
ccea6831,1,2025-09-10 00:00:00
cd234eb6,1,2025-08-29 00:00:00
cd5a5a46,1,2025-08-22 00:00:00
cdceefe1,1,2025-09-11 00:00:00
ce1e46e6,1,2025-09-01 00:00:00
ce23d60c,1,2025-09-09 00:00:00
ce5e0565,1,2025-09-06 00:00:00
ce62d383,1,2025-09-02 00:00:00
ce7efe87,1,2025-08-21 00:00:00
cf246356,1,2025-08-18 00:00:00
cf5f0bcd,1,2025-08-26 00:00:00
cf620767,1,2025-08-19 00:00:00
cf8adb01,1,2025-09-01 00:00:00
cfdae006,1,2025-08-19 00:00:00
d008d32d,1,2025-08-23 00:00:00
d096ba7d,1,2025-09-01 00:00:00
d09c654e,1,2025-08-18 00:00:00
d0ad7b1e,1,2025-09-01 00:00:00
d0b8b158,1,2025-08-13 00:00:00
d0dd09e0,1,2025-09-10 00:00:00
d0eb6bc8,1,2025-09-02 00:00:00
d143347a,1,2025-08-27 00:00:00
d16aad3a,1,2025-08-13 00:00:00
d19d2814,1,2025-09-01 00:00:00
d1ac00fb,1,2025-09-11 00:00:00
d1c75dec,1,2025-09-11 00:00:00
d1f0efc5,1,2025-09-07 00:00:00
d287f596,1,2025-09-08 00:00:00
d28b7f5b,1,2025-08-27 00:00:00
d2b02bf0,1,2025-08-23 00:00:00
d2bffb9a,1,2025-08-13 00:00:00
d38c2c8f,1,2025-09-08 00:00:00
d3ad4f02,1,2025-08-25 00:00:00
d3c938f3,1,2025-08-14 00:00:00
d3d62f04,1,2025-09-04 00:00:00
d3dfcdfc,1,2025-09-06 00:00:00
d3f4685b,1,2025-09-05 00:00:00
d416c3a3,1,2025-08-21 00:00:00
d4a5d66a,1,2025-08-26 00:00:00
d4fc81f9,1,2025-09-10 00:00:00
d50790c0,1,2025-08-29 00:00:00
d5c0ce77,1,2025-08-28 00:00:00
d610b0b5,1,2025-08-20 00:00:00
d6433d95,1,2025-09-04 00:00:00
d6c8c17d,1,2025-09-08 00:00:00
d70c7265,1,2025-08-30 00:00:00
d7df22c2,1,2025-08-21 00:00:00
d804bd09,1,2025-09-10 00:00:00
d88ba7f1,1,2025-08-16 00:00:00
d8b8446c,1,2025-08-20 00:00:00
d9338b83,1,2025-08-14 00:00:00
d9d2d943,1,2025-08-15 00:00:00
da05b632,1,2025-08-17 00:00:00
da0a8795,1,2025-09-01 00:00:00
da334a84,1,2025-09-02 00:00:00
da41a00a,1,2025-08-16 00:00:00
da629f88,1,2025-09-01 00:00:00
da67fcab,1,2025-08-30 00:00:00
da8b7c53,1,2025-08-29 00:00:00
daeb27b5,1,2025-08-15 00:00:00
db1aaf88,1,2025-09-01 00:00:00
db883f39,1,2025-09-10 00:00:00
dbd71bf2,1,2025-09-08 00:00:00
dbf8fde7,1,2025-09-01 00:00:00
dc4bf19f,1,2025-08-26 00:00:00
dc5b696b,1,2025-08-20 00:00:00
dcf58f05,1,2025-08-21 00:00:00
ddc84ad6,1,2025-08-19 00:00:00
dea16df6,1,2025-08-26 00:00:00
deb0c7fd,1,2025-09-03 00:00:00
df1a1767,1,2025-08-23 00:00:00
df240c18,1,2025-09-08 00:00:00
df25c4cc,1,2025-08-13 00:00:00
df31c51f,1,2025-08-19 00:00:00
df8832fb,1,2025-09-02 00:00:00
dfb70a10,1,2025-09-04 00:00:00
e0158698,1,2025-09-10 00:00:00
e0321963,1,2025-08-21 00:00:00
e05042d5,1,2025-09-02 00:00:00
e07a3d33,1,2025-08-29 00:00:00
e09139a9,1,2025-08-30 00:00:00
e0bc34fc,1,2025-08-28 00:00:00
e1256e19,1,2025-08-23 00:00:00
e1ba83e4,1,2025-09-03 00:00:00
e1c68cf3,1,2025-08-22 00:00:00
e22a0c3b,1,2025-08-17 00:00:00
e28de0e3,1,2025-09-09 00:00:00
e2b2b02e,1,2025-08-24 00:00:00
e2b3497a,1,2025-08-25 00:00:00
e2d0f2b8,1,2025-08-25 00:00:00
e345120e,1,2025-09-08 00:00:00
e3f00a91,1,2025-09-10 00:00:00
e40703f2,1,2025-08-22 00:00:00
e4211228,1,2025-08-24 00:00:00
e472ef30,1,2025-08-28 00:00:00
e4e4f56f,1,2025-09-07 00:00:00
e5431415,1,2025-09-10 00:00:00
e5793d93,1,2025-08-18 00:00:00
e579c2f8,1,2025-08-15 00:00:00
e5fd23bf,1,2025-08-23 00:00:00
e6654d68,1,2025-08-15 00:00:00
e6bd49e8,1,2025-08-14 00:00:00
e6ca9c74,1,2025-09-09 00:00:00
e6e6f93c,1,2025-09-10 00:00:00
e7e3be73,1,2025-09-04 00:00:00
e85b1615,1,2025-08-25 00:00:00
e896a90f,1,2025-09-01 00:00:00
e916de08,1,2025-09-05 00:00:00
e917c10c,1,2025-08-18 00:00:00
e96bd735,1,2025-08-27 00:00:00
e993be4a,1,2025-08-25 00:00:00
ea709413,1,2025-09-04 00:00:00
eb88acf7,1,2025-09-11 00:00:00
eb8c1bed,1,2025-08-12 00:00:00
eb937373,1,2025-08-23 00:00:00
eb9ade50,1,2025-08-13 00:00:00
eba8c02b,1,2025-09-03 00:00:00
ebbb113e,1,2025-09-04 00:00:00
ebc37ab7,1,2025-08-22 00:00:00
ebd3702d,1,2025-09-08 00:00:00
ebdb1946,1,2025-08-24 00:00:00
ebf1c9e6,1,2025-09-06 00:00:00
ec00f15d,1,2025-09-06 00:00:00
ec1751b1,1,2025-08-13 00:00:00
ec981be7,1,2025-08-25 00:00:00
ecb110a4,1,2025-09-04 00:00:00
ed9b50b0,1,2025-09-10 00:00:00
edb14e97,1,2025-09-09 00:00:00
edc442ce,1,2025-09-01 00:00:00
edefcd97,1,2025-08-18 00:00:00
ee37e7ed,1,2025-09-08 00:00:00
ee3fcdf5,1,2025-08-20 00:00:00
ee5c6142,1,2025-09-09 00:00:00
ee9b0b13,1,2025-08-27 00:00:00
eedc24f7,1,2025-08-24 00:00:00
ef361536,1,2025-09-01 00:00:00
efe9cee8,1,2025-08-12 00:00:00
f04e609a,1,2025-09-11 00:00:00
f07f5756,1,2025-08-14 00:00:00
f0c4205c,1,2025-09-04 00:00:00
f1056fa0,1,2025-08-19 00:00:00
f1eeb7f2,1,2025-09-01 00:00:00
f2879966,1,2025-09-02 00:00:00
f2a9ac22,1,2025-08-27 00:00:00
f2c7f2f7,1,2025-09-04 00:00:00
f2f8aee9,1,2025-08-20 00:00:00
f31da795,1,2025-08-14 00:00:00
f32d3c3c,1,2025-08-18 00:00:00
f344de9b,1,2025-08-14 00:00:00
f38ae167,1,2025-08-12 00:00:00
f3bc5b6c,1,2025-09-01 00:00:00
f3d08f04,1,2025-08-25 00:00:00
f458252e,1,2025-08-14 00:00:00
f46685d0,1,2025-09-09 00:00:00
f47ff8eb,1,2025-09-10 00:00:00
f4a52e19,1,2025-09-01 00:00:00
f4f20900,1,2025-09-11 00:00:00
f54baee4,1,2025-09-03 00:00:00
f54d5289,1,2025-08-15 00:00:00
f5c761f2,1,2025-08-24 00:00:00
f689cdb3,1,2025-08-15 00:00:00
f69dc3bb,1,2025-09-08 00:00:00
f6e8edfc,1,2025-09-03 00:00:00
f761c77c,1,2025-08-25 00:00:00
f7e595df,1,2025-08-25 00:00:00
f7ed2598,1,2025-08-12 00:00:00
f8aac124,1,2025-08-27 00:00:00
f95ff7aa,1,2025-08-26 00:00:00
fa050ec1,1,2025-09-04 00:00:00
fa678ca1,1,2025-08-28 00:00:00
fad955a7,1,2025-08-12 00:00:00
fb5e3bc0,1,2025-08-19 00:00:00
fb6139f8,1,2025-08-18 00:00:00
fb68d097,1,2025-08-31 00:00:00
fba68637,1,2025-09-09 00:00:00
fc1b8b51,1,2025-08-19 00:00:00
fcb30f28,1,2025-08-23 00:00:00
fcec7cc6,1,2025-08-22 00:00:00
fd4a6d40,1,2025-08-12 00:00:00
fd9bce8e,1,2025-09-04 00:00:00
fdb1b877,1,2025-09-02 00:00:00
fdb35fe3,1,2025-08-12 00:00:00
fdf42fa2,1,2025-08-25 00:00:00
fe2dbc97,1,2025-08-18 00:00:00
ff646152,1,2025-09-04 00:00:00
ff820539,1,2025-08-25 00:00:00
ffb2bab0,1,2025-08-16 00:00:00
ffb329c6,1,2025-08-27 00:00:00
